{
    "loss": 0.018405270111698534, 
    "r2": 0.9313019390570892
}