{
    "loss": 0.02902071680961493, 
    "r2": 0.9094661579806776
}