{
    "loss": 0.027687193377751787, 
    "r2": 0.9134329270964212
}