{
    "loss": 0.023214198084491672, 
    "r2": 0.9184886390062007
}