{
    "loss": 0.025289194686620525, 
    "r2": 0.9128675560254144
}