{
    "loss": 0.02990689908188802, 
    "r2": 0.9090409827117047
}