{
    "loss": 0.018904517514560865, 
    "r2": 0.934742565489253
}