{
    "loss": 0.027041065782584525, 
    "r2": 0.9176107433632523
}