{
    "loss": 0.028712214691177854, 
    "r2": 0.9079938501530274
}