{
    "loss": 0.028996093022935796, 
    "r2": 0.9086797793040391
}