{
    "loss": 0.1872650704012727, 
    "r2": 0.4190271113514295
}