{
    "loss": 0.026870633044965425, 
    "r2": 0.9133072323229767
}