{
    "loss": 0.023354096987256497, 
    "r2": 0.9165919020077036
}