{
    "loss": 0.015079276197064685, 
    "r2": 0.9412860999669447
}