{
    "loss": 0.030455144456113286, 
    "r2": 0.9032929088143028
}