{
    "loss": 0.023027496631116126, 
    "r2": 0.9174498502727718
}