{
    "loss": 0.026649476037764887, 
    "r2": 0.9152193741827399
}