{
    "loss": 0.20354816795520062, 
    "r2": 0.36973680509261514
}