{
    "loss": 0.01903248801319838, 
    "r2": 0.9281538448721318
}