{
    "loss": 0.02093472651072911, 
    "r2": 0.93841386021254
}