{
    "loss": 0.021454160500849997, 
    "r2": 0.9370059534805989
}