{
    "loss": 0.018157803246544466, 
    "r2": 0.9380439171935655
}