{
    "loss": 0.008017512038350105, 
    "r2": 0.9731841900542709
}