{
    "loss": 0.02519264525540595, 
    "r2": 0.9210330112194395
}