{
    "loss": 0.012818774471050613, 
    "r2": 0.9528864217788414
}