{
    "loss": 0.01964947151612829, 
    "r2": 0.9318426220102094
}