{
    "loss": 0.020827075674650117, 
    "r2": 0.9268011282216402
}