{
    "loss": 0.010675104825991377, 
    "r2": 0.9586279377400431
}