{
    "loss": 0.025302483568424888, 
    "r2": 0.919728805136404
}