{
    "loss": 0.03486555208504762, 
    "r2": 0.8901780082379891
}