{
    "loss": 0.022131695475598626, 
    "r2": 0.9218368534071798
}