{
    "loss": 0.03031975986822596, 
    "r2": 0.8980987704910806
}