{
    "loss": 0.017602162515100144, 
    "r2": 0.9353549076805217
}