{
    "loss": 0.025130689407716383, 
    "r2": 0.9200637074581026
}