{
    "loss": 0.02279013212120055, 
    "r2": 0.9275730923498088
}