{
    "loss": 0.019609453918581658, 
    "r2": 0.9301041519512101
}