{
    "loss": 0.023644986153878975, 
    "r2": 0.9240108558986835
}