{
    "loss": 0.10461034770294499, 
    "r2": -329.43259043374155
}