{
    "loss": 0.04557654245138538, 
    "r2": -77.70934019775943
}