{
    "loss": 0.02074062444821552, 
    "r2": 0.9377510141789341
}