{
    "loss": 0.01829947374591773, 
    "r2": 0.9376352668116923
}