{
    "loss": 0.020852771242735563, 
    "r2": 0.9367479494488803
}