{
    "loss": 0.02453122014742134, 
    "r2": 0.9222948429318281
}