{
    "loss": 0.0265327569729877, 
    "r2": 0.913834412456965
}