{
    "loss": 0.020943761041218586, 
    "r2": 0.9239795434161987
}