{
    "loss": 0.023986846111925704, 
    "r2": 0.9241148655406106
}