{
    "loss": 0.008919484012923534, 
    "r2": 0.9645076569836131
}