{
    "loss": 0.030514633485098492, 
    "r2": 0.9036680627925326
}