{
    "loss": 0.01829174882401293, 
    "r2": 0.9305479406689343
}