{
    "loss": 0.03642508686291722, 
    "r2": 0.8823503627421291
}