{
    "loss": 0.02754677942830999, 
    "r2": 0.9121692558713269
}