{
    "loss": 0.02294325042572437, 
    "r2": 0.9184476199565985
}