{
    "loss": 0.022934216606829847, 
    "r2": 0.9327200244791222
}