{
    "loss": 0.02266137275312628, 
    "r2": 0.9334817881302448
}