{
    "loss": 0.026849152819025068, 
    "r2": 0.9144095589383672
}