{
    "loss": 0.0252836938721664, 
    "r2": 0.9125417884924987
}