{
    "loss": 0.027564267938335735, 
    "r2": 0.9167638743815589
}