{
    "loss": 0.034207962487858755, 
    "r2": 0.8955583290093138
}