{
    "loss": 0.02062239428490119, 
    "r2": 0.9264414206321164
}