{
    "loss": 0.028759023824812106, 
    "r2": 0.909228039447339
}