{
    "loss": 0.0263073915211519, 
    "r2": 0.9162352871416009
}