{
    "loss": 0.027016021680297715, 
    "r2": 0.913358173796252
}