{
    "loss": 0.027988642612296454, 
    "r2": 0.9115001754603888
}