{
    "loss": 0.10336467316321298, 
    "r2": -358.429324775141
}