{
    "loss": 0.1035186867157853, 
    "r2": -350.9237989291013
}