{
    "loss": 0.02139173051411355, 
    "r2": 0.9355569260759459
}