{
    "loss": 0.018676172716147972, 
    "r2": 0.9351182864214704
}