{
    "loss": 0.008096175905281925, 
    "r2": 0.9713574014822967
}