{
    "loss": 0.03096833081810542, 
    "r2": 0.9019443522520152
}