{
    "loss": 0.02059687496953164, 
    "r2": 0.9279674453281268
}