{
    "loss": 0.025681022747929366, 
    "r2": 0.9194739952239872
}