{
    "loss": 0.02604547533962243, 
    "r2": 0.9186733027233005
}