{
    "loss": 0.0143704956344448, 
    "r2": 0.9450790597161369
}