{
    "loss": 0.038525067313732404, 
    "r2": 0.8796624522446358
}