{
    "loss": 0.031021039756579383, 
    "r2": 0.8906724002056902
}