{
    "loss": 0.0358955206630646, 
    "r2": 0.8871089755503279
}