{
    "loss": 0.03072064797177699, 
    "r2": 0.8853096448987806
}