{
    "loss": 0.02801644296518394, 
    "r2": 0.9173020069738406
}