{
    "loss": 0.026527816695826396, 
    "r2": 0.9220129202389767
}