{
    "loss": 0.6011528195637577, 
    "r2": -0.9857376668586034
}