{
    "loss": 0.03289360694921101, 
    "r2": 0.8681358108680639
}