{
    "loss": 0.0403856575172746, 
    "r2": 0.8720004033549325
}