{
    "loss": 0.025987674807251063, 
    "r2": 0.9170996511704137
}