{
    "loss": 0.025185369830014126, 
    "r2": 0.9132068462466831
}