{
    "loss": 0.020878658252153195, 
    "r2": 0.9271743240050812
}