{
    "loss": 0.03032254758808348, 
    "r2": 0.907972408557769
}