{
    "loss": 0.026655335393216874, 
    "r2": 0.9195592446839288
}