{
    "loss": 0.018142715210692502, 
    "r2": 0.9368077213147977
}