{
    "loss": 0.023351048570916508, 
    "r2": 0.9190562692638437
}