{
    "loss": 0.02884887524501041, 
    "r2": 0.9136703801473188
}