{
    "loss": 0.026134336608703488, 
    "r2": 0.9219975817315414
}